Workbook

Sheet Plan de obra
A1: MANO MAESTRA · Plan de obra y presupuesto detallado
A2: Calidad visible
A4: Cliente | F4: Anticipo para materiales (%) | G4: 0.2
A5: Dirección de la obra | F5: Retención hasta entrega conforme (%) | G5: 0.1
A6: Fecha de inicio
A7: Fecha de entrega acordada
A9: N° | B9: Rubro / tarea | C9: Ambiente | D9: Unidad | E9: Cantidad total | F9: Precio unitario | G9: Subtotal | H9: Semana prevista
A10: 1 | B10: Reparación de paredes y enduido | C10: Living y cocina | D10: m² | E10: 60 | F10: 3500 | G10: =IF(AND(E10<>"",F10<>""),E10*F10,"") | H10: 1
A11: 2 | B11: Pintura interior (2 manos) | C11: Living y cocina | D11: m² | E11: 120 | F11: 4200 | G11: =IF(AND(E11<>"",F11<>""),E11*F11,"") | H11: 2
A12: 3 | B12: Pintura de frente | C12: Frente | D12: m² | E12: 45 | F12: 5800 | G12: =IF(AND(E12<>"",F12<>""),E12*F12,"") | H12: 3
A13: 4 | B13: Revoque y reparación de cielorraso | C13: Dormitorios | D13: m² | E13: 30 | F13: 6500 | G13: =IF(AND(E13<>"",F13<>""),E13*F13,"") | H13: 3
A14: 5 | G14: =IF(AND(E14<>"",F14<>""),E14*F14,"")
A15: 6 | G15: =IF(AND(E15<>"",F15<>""),E15*F15,"")
A16: 7 | G16: =IF(AND(E16<>"",F16<>""),E16*F16,"")
A17: 8 | G17: =IF(AND(E17<>"",F17<>""),E17*F17,"")
A18: 9 | G18: =IF(AND(E18<>"",F18<>""),E18*F18,"")
A19: 10 | G19: =IF(AND(E19<>"",F19<>""),E19*F19,"")
A20: 11 | G20: =IF(AND(E20<>"",F20<>""),E20*F20,"")
A21: 12 | G21: =IF(AND(E21<>"",F21<>""),E21*F21,"")
A22: 13 | G22: =IF(AND(E22<>"",F22<>""),E22*F22,"")
A23: 14 | G23: =IF(AND(E23<>"",F23<>""),E23*F23,"")
A24: 15 | G24: =IF(AND(E24<>"",F24<>""),E24*F24,"")
A25: 16 | G25: =IF(AND(E25<>"",F25<>""),E25*F25,"")
... A29: 20 | G29: =IF(AND(E29<>"",F29<>""),E29*F29,"")
F31: TOTAL DE LA OBRA | G31: =SUM(G10:G29)
F32: Anticipo | G32: =G31*G4
F33: Retención final | G33: =G31*G5
A35: Las filas en amarillo se completan. Las de ejemplo se pueden borrar o pisar. El precio de cada tarea queda acordado con el cliente antes de empezar.

Sheet Parte de viernes
A1: Parte de avance semanal (se completa cada viernes)
A2: Se anota la cantidad terminada esa semana. El monto sale solo: cantidad hecha × precio de la tarea.
A4: Fecha del viernes | B4: Semana N° | C4: N° de tarea (del plan) | D4: Tarea | E4: Unidad | F4: Cantidad hecha esta semana | G4: Precio unitario | H4: Monto de la semana | I4: Fotos enviadas | J4: Aprobado por el cliente | K4: Pagado
A5: 46332 | B5: 1 | C5: 1 | D5: =IF(C5="","",INDEX('Plan de obra'!$B$10:$B$29,MATCH(C5,'Plan de obra'!$A$10:$A$29,0))) | E5: =IF(C5="","",INDEX('Plan de obra'!$D$10:$D$29,MATCH(C5,'Plan de obra'!$A$10:$A$29,0))) | F5: 60 | G5: =IF(C5="","",INDEX('Plan de obra'!$F$10:$F$29,MATCH(C5,'Plan de obra'!$A$10:$A$29,0))) | H5: =IF(OR(C5="",F5=""),"",F5*G5) | I5: Sí | J5: Sí | K5: Sí
A6: 46339 | B6: 2 | C6: 2 | D6: =IF(C6="","",INDEX('Plan de obra'!$B$10:$B$29,MATCH(C6,'Plan de obra'!$A$10:$A$29,0))) | E6: =IF(C6="","",INDEX('Plan de obra'!$D$10:$D$29,MATCH(C6,'Plan de obra'!$A$10:$A$29,0))) | F6: 70 | G6: =IF(C6="","",INDEX('Plan de obra'!$F$10:$F$29,MATCH(C6,'Plan de obra'!$A$10:$A$29,0))) | H6: =IF(OR(C6="",F6=""),"",F6*G6) | I6: Sí | J6: Sí | K6: No
D7: =IF(C7="","",INDEX('Plan de obra'!$B$10:$B$29,MATCH(C7,'Plan de obra'!$A$10:$A$29,0))) | E7: =IF(C7="","",INDEX('Plan de obra'!$D$10:$D$29,MATCH(C7,'Plan de obra'!$A$10:$A$29,0))) | G7: =IF(C7="","",INDEX('Plan de obra'!$F$10:$F$29,MATCH(C7,'Plan de obra'!$A$10:$A$29,0))) | H7: =IF(OR(C7="",F7=""),"",F7*G7)
D8: =IF(C8="","",INDEX('Plan de obra'!$B$10:$B$29,MATCH(C8,'Plan de obra'!$A$10:$A$29,0))) | E8: =IF(C8="","",INDEX('Plan de obra'!$D$10:$D$29,MATCH(C8,'Plan de obra'!$A$10:$A$29,0))) | G8: =IF(C8="","",INDEX('Plan de obra'!$F$10:$F$29,MATCH(C8,'Plan de obra'!$A$10:$A$29,0))) | H8: =IF(OR(C8="",F8=""),"",F8*G8)
D9: =IF(C9="","",INDEX('Plan de obra'!$B$10:$B$29,MATCH(C9,'Plan de obra'!$A$10:$A$29,0))) | E9: =IF(C9="","",INDEX('Plan de obra'!$D$10:$D$29,MATCH(C9,'Plan de obra'!$A$10:$A$29,0))) | G9: =IF(C9="","",INDEX('Plan de obra'!$F$10:$F$29,MATCH(C9,'Plan de obra'!$A$10:$A$29,0))) | H9: =IF(OR(C9="",F9=""),"",F9*G9)
D10: =IF(C10="","",INDEX('Plan de obra'!$B$10:$B$29,MATCH(C10,'Plan de obra'!$A$10:$A$29,0))) | E10: =IF(C10="","",INDEX('Plan de obra'!$D$10:$D$29,MATCH(C10,'Plan de obra'!$A$10:$A$29,0))) | G10: =IF(C10="","",INDEX('Plan de obra'!$F$10:$F$29,MATCH(C10,'Plan de obra'!$A$10:$A$29,0))) | H10: =IF(OR(C10="",F10=""),"",F10*G10)
D11: =IF(C11="","",INDEX('Plan de obra'!$B$10:$B$29,MATCH(C11,'Plan de obra'!$A$10:$A$29,0))) | E11: =IF(C11="","",INDEX('Plan de obra'!$D$10:$D$29,MATCH(C11,'Plan de obra'!$A$10:$A$29,0))) | G11: =IF(C11="","",INDEX('Plan de obra'!$F$10:$F$29,MATCH(C11,'Plan de obra'!$A$10:$A$29,0))) | H11: =IF(OR(C11="",F11=""),"",F11*G11)
D12: =IF(C12="","",INDEX('Plan de obra'!$B$10:$B$29,MATCH(C12,'Plan de obra'!$A$10:$A$29,0))) | E12: =IF(C12="","",INDEX('Plan de obra'!$D$10:$D$29,MATCH(C12,'Plan de obra'!$A$10:$A$29,0))) | G12: =IF(C12="","",INDEX('Plan de obra'!$F$10:$F$29,MATCH(C12,'Plan de obra'!$A$10:$A$29,0))) | H12: =IF(OR(C12="",F12=""),"",F12*G12)
D13: =IF(C13="","",INDEX('Plan de obra'!$B$10:$B$29,MATCH(C13,'Plan de obra'!$A$10:$A$29,0))) | E13: =IF(C13="","",INDEX('Plan de obra'!$D$10:$D$29,MATCH(C13,'Plan de obra'!$A$10:$A$29,0))) | G13: =IF(C13="","",INDEX('Plan de obra'!$F$10:$F$29,MATCH(C13,'Plan de obra'!$A$10:$A$29,0))) | H13: =IF(OR(C13="",F13=""),"",F13*G13)
D14: =IF(C14="","",INDEX('Plan de obra'!$B$10:$B$29,MATCH(C14,'Plan de obra'!$A$10:$A$29,0))) | E14: =IF(C14="","",INDEX('Plan de obra'!$D$10:$D$29,MATCH(C14,'Plan de obra'!$A$10:$A$29,0))) | G14: =IF(C14="","",INDEX('Plan de obra'!$F$10:$F$29,MATCH(C14,'Plan de obra'!$A$10:$A$29,0))) | H14: =IF(OR(C14="",F14=""),"",F14*G14)
D15: =IF(C15="","",INDEX('Plan de obra'!$B$10:$B$29,MATCH(C15,'Plan de obra'!$A$10:$A$29,0))) | E15: =IF(C15="","",INDEX('Plan de obra'!$D$10:$D$29,MATCH(C15,'Plan de obra'!$A$10:$A$29,0))) | G15: =IF(C15="","",INDEX('Plan de obra'!$F$10:$F$29,MATCH(C15,'Plan de obra'!$A$10:$A$29,0))) | H15: =IF(OR(C15="",F15=""),"",F15*G15)
D16: =IF(C16="","",INDEX('Plan de obra'!$B$10:$B$29,MATCH(C16,'Plan de obra'!$A$10:$A$29,0))) | E16: =IF(C16="","",INDEX('Plan de obra'!$D$10:$D$29,MATCH(C16,'Plan de obra'!$A$10:$A$29,0))) | G16: =IF(C16="","",INDEX('Plan de obra'!$F$10:$F$29,MATCH(C16,'Plan de obra'!$A$10:$A$29,0))) | H16: =IF(OR(C16="",F16=""),"",F16*G16)
D17: =IF(C17="","",INDEX('Plan de obra'!$B$10:$B$29,MATCH(C17,'Plan de obra'!$A$10:$A$29,0))) | E17: =IF(C17="","",INDEX('Plan de obra'!$D$10:$D$29,MATCH(C17,'Plan de obra'!$A$10:$A$29,0))) | G17: =IF(C17="","",INDEX('Plan de obra'!$F$10:$F$29,MATCH(C17,'Plan de obra'!$A$10:$A$29,0))) | H17: =IF(OR(C17="",F17=""),"",F17*G17)
D18: =IF(C18="","",INDEX('Plan de obra'!$B$10:$B$29,MATCH(C18,'Plan de obra'!$A$10:$A$29,0))) | E18: =IF(C18="","",INDEX('Plan de obra'!$D$10:$D$29,MATCH(C18,'Plan de obra'!$A$10:$A$29,0))) | G18: =IF(C18="","",INDEX('Plan de obra'!$F$10:$F$29,MATCH(C18,'Plan de obra'!$A$10:$A$29,0))) | H18: =IF(OR(C18="",F18=""),"",F18*G18)
... D64: =IF(C64="","",INDEX('Plan de obra'!$B$10:$B$29,MATCH(C64,'Plan de obra'!$A$10:$A$29,0))) | E64: =IF(C64="","",INDEX('Plan de obra'!$D$10:$D$29,MATCH(C64,'Plan de obra'!$A$10:$A$29,0))) | G64: =IF(C64="","",INDEX('Plan de obra'!$F$10:$F$29,MATCH(C64,'Plan de obra'!$A$10:$A$29,0))) | H64: =IF(OR(C64="",F64=""),"",F64*G64)
G66: Total cobrable (aprobado) | H66: =SUMIFS(H5:H64,J5:J64,"Sí")
G67: Total pagado | H67: =SUMIFS(H5:H64,K5:K64,"Sí")

Sheet Resumen de avance
A1: Resumen de la obra: qué se hizo, cuánto se cobró y cuánto falta
A3: N° | B3: Tarea | C3: Unidad | D3: Cantidad total | E3: Hecho hasta hoy | F3: % de avance | G3: Valor de la tarea | H3: Valor ejecutado | I3: Falta ejecutar
A4: ='Plan de obra'!A10 | B4: =IF('Plan de obra'!B10="","",'Plan de obra'!B10) | C4: =IF('Plan de obra'!D10="","",'Plan de obra'!D10) | D4: =IF('Plan de obra'!E10="","",'Plan de obra'!E10) | E4: =IF(B4="","",SUMIFS('Parte de viernes'!$F$5:$F$64,'Parte de viernes'!$C$5:$C$64,A4)) | F4: =IF(OR(B4="",D4="",D4=0),"",MIN(1,E4/D4)) | G4: =IF(B4="","",'Plan de obra'!G10) | H4: =IF(F4="","",G4*F4) | I4: =IF(F4="","",G4-H4)
A5: ='Plan de obra'!A11 | B5: =IF('Plan de obra'!B11="","",'Plan de obra'!B11) | C5: =IF('Plan de obra'!D11="","",'Plan de obra'!D11) | D5: =IF('Plan de obra'!E11="","",'Plan de obra'!E11) | E5: =IF(B5="","",SUMIFS('Parte de viernes'!$F$5:$F$64,'Parte de viernes'!$C$5:$C$64,A5)) | F5: =IF(OR(B5="",D5="",D5=0),"",MIN(1,E5/D5)) | G5: =IF(B5="","",'Plan de obra'!G11) | H5: =IF(F5="","",G5*F5) | I5: =IF(F5="","",G5-H5)
A6: ='Plan de obra'!A12 | B6: =IF('Plan de obra'!B12="","",'Plan de obra'!B12) | C6: =IF('Plan de obra'!D12="","",'Plan de obra'!D12) | D6: =IF('Plan de obra'!E12="","",'Plan de obra'!E12) | E6: =IF(B6="","",SUMIFS('Parte de viernes'!$F$5:$F$64,'Parte de viernes'!$C$5:$C$64,A6)) | F6: =IF(OR(B6="",D6="",D6=0),"",MIN(1,E6/D6)) | G6: =IF(B6="","",'Plan de obra'!G12) | H6: =IF(F6="","",G6*F6) | I6: =IF(F6="","",G6-H6)
A7: ='Plan de obra'!A13 | B7: =IF('Plan de obra'!B13="","",'Plan de obra'!B13) | C7: =IF('Plan de obra'!D13="","",'Plan de obra'!D13) | D7: =IF('Plan de obra'!E13="","",'Plan de obra'!E13) | E7: =IF(B7="","",SUMIFS('Parte de viernes'!$F$5:$F$64,'Parte de viernes'!$C$5:$C$64,A7)) | F7: =IF(OR(B7="",D7="",D7=0),"",MIN(1,E7/D7)) | G7: =IF(B7="","",'Plan de obra'!G13) | H7: =IF(F7="","",G7*F7) | I7: =IF(F7="","",G7-H7)
A8: ='Plan de obra'!A14 | B8: =IF('Plan de obra'!B14="","",'Plan de obra'!B14) | C8: =IF('Plan de obra'!D14="","",'Plan de obra'!D14) | D8: =IF('Plan de obra'!E14="","",'Plan de obra'!E14) | E8: =IF(B8="","",SUMIFS('Parte de viernes'!$F$5:$F$64,'Parte de viernes'!$C$5:$C$64,A8)) | F8: =IF(OR(B8="",D8="",D8=0),"",MIN(1,E8/D8)) | G8: =IF(B8="","",'Plan de obra'!G14) | H8: =IF(F8="","",G8*F8) | I8: =IF(F8="","",G8-H8)
A9: ='Plan de obra'!A15 | B9: =IF('Plan de obra'!B15="","",'Plan de obra'!B15) | C9: =IF('Plan de obra'!D15="","",'Plan de obra'!D15) | D9: =IF('Plan de obra'!E15="","",'Plan de obra'!E15) | E9: =IF(B9="","",SUMIFS('Parte de viernes'!$F$5:$F$64,'Parte de viernes'!$C$5:$C$64,A9)) | F9: =IF(OR(B9="",D9="",D9=0),"",MIN(1,E9/D9)) | G9: =IF(B9="","",'Plan de obra'!G15) | H9: =IF(F9="","",G9*F9) | I9: =IF(F9="","",G9-H9)
A10: ='Plan de obra'!A16 | B10: =IF('Plan de obra'!B16="","",'Plan de obra'!B16) | C10: =IF('Plan de obra'!D16="","",'Plan de obra'!D16) | D10: =IF('Plan de obra'!E16="","",'Plan de obra'!E16) | E10: =IF(B10="","",SUMIFS('Parte de viernes'!$F$5:$F$64,'Parte de viernes'!$C$5:$C$64,A10)) | F10: =IF(OR(B10="",D10="",D10=0),"",MIN(1,E10/D10)) | G10: =IF(B10="","",'Plan de obra'!G16) | H10: =IF(F10="","",G10*F10) | I10: =IF(F10="","",G10-H10)
A11: ='Plan de obra'!A17 | B11: =IF('Plan de obra'!B17="","",'Plan de obra'!B17) | C11: =IF('Plan de obra'!D17="","",'Plan de obra'!D17) | D11: =IF('Plan de obra'!E17="","",'Plan de obra'!E17) | E11: =IF(B11="","",SUMIFS('Parte de viernes'!$F$5:$F$64,'Parte de viernes'!$C$5:$C$64,A11)) | F11: =IF(OR(B11="",D11="",D11=0),"",MIN(1,E11/D11)) | G11: =IF(B11="","",'Plan de obra'!G17) | H11: =IF(F11="","",G11*F11) | I11: =IF(F11="","",G11-H11)
A12: ='Plan de obra'!A18 | B12: =IF('Plan de obra'!B18="","",'Plan de obra'!B18) | C12: =IF('Plan de obra'!D18="","",'Plan de obra'!D18) | D12: =IF('Plan de obra'!E18="","",'Plan de obra'!E18) | E12: =IF(B12="","",SUMIFS('Parte de viernes'!$F$5:$F$64,'Parte de viernes'!$C$5:$C$64,A12)) | F12: =IF(OR(B12="",D12="",D12=0),"",MIN(1,E12/D12)) | G12: =IF(B12="","",'Plan de obra'!G18) | H12: =IF(F12="","",G12*F12) | I12: =IF(F12="","",G12-H12)
A13: ='Plan de obra'!A19 | B13: =IF('Plan de obra'!B19="","",'Plan de obra'!B19) | C13: =IF('Plan de obra'!D19="","",'Plan de obra'!D19) | D13: =IF('Plan de obra'!E19="","",'Plan de obra'!E19) | E13: =IF(B13="","",SUMIFS('Parte de viernes'!$F$5:$F$64,'Parte de viernes'!$C$5:$C$64,A13)) | F13: =IF(OR(B13="",D13="",D13=0),"",MIN(1,E13/D13)) | G13: =IF(B13="","",'Plan de obra'!G19) | H13: =IF(F13="","",G13*F13) | I13: =IF(F13="","",G13-H13)
A14: ='Plan de obra'!A20 | B14: =IF('Plan de obra'!B20="","",'Plan de obra'!B20) | C14: =IF('Plan de obra'!D20="","",'Plan de obra'!D20) | D14: =IF('Plan de obra'!E20="","",'Plan de obra'!E20) | E14: =IF(B14="","",SUMIFS('Parte de viernes'!$F$5:$F$64,'Parte de viernes'!$C$5:$C$64,A14)) | F14: =IF(OR(B14="",D14="",D14=0),"",MIN(1,E14/D14)) | G14: =IF(B14="","",'Plan de obra'!G20) | H14: =IF(F14="","",G14*F14) | I14: =IF(F14="","",G14-H14)
A15: ='Plan de obra'!A21 | B15: =IF('Plan de obra'!B21="","",'Plan de obra'!B21) | C15: =IF('Plan de obra'!D21="","",'Plan de obra'!D21) | D15: =IF('Plan de obra'!E21="","",'Plan de obra'!E21) | E15: =IF(B15="","",SUMIFS('Parte de viernes'!$F$5:$F$64,'Parte de viernes'!$C$5:$C$64,A15)) | F15: =IF(OR(B15="",D15="",D15=0),"",MIN(1,E15/D15)) | G15: =IF(B15="","",'Plan de obra'!G21) | H15: =IF(F15="","",G15*F15) | I15: =IF(F15="","",G15-H15)
... A23: ='Plan de obra'!A29 | B23: =IF('Plan de obra'!B29="","",'Plan de obra'!B29) | C23: =IF('Plan de obra'!D29="","",'Plan de obra'!D29) | D23: =IF('Plan de obra'!E29="","",'Plan de obra'!E29) | E23: =IF(B23="","",SUMIFS('Parte de viernes'!$F$5:$F$64,'Parte de viernes'!$C$5:$C$64,A23)) | F23: =IF(OR(B23="",D23="",D23=0),"",MIN(1,E23/D23)) | G23: =IF(B23="","",'Plan de obra'!G29) | H23: =IF(F23="","",G23*F23) | I23: =IF(F23="","",G23-H23)
A25: Valor total de la obra | D25: ='Plan de obra'!G31
A26: Valor ejecutado hasta hoy | D26: =SUM(H4:H23)
A27: Avance general | D27: =IF(D25=0,"",D26/D25)
A28: Pagado por el cliente (anticipo no incluido) | D28: ='Parte de viernes'!H67
A29: Aprobado y pendiente de pago | D29: ='Parte de viernes'!H66-'Parte de viernes'!H67

Sheet Cómo se usa
A1: Cómo se usa esta planilla
A3: 1. Antes de empezar: en "Plan de obra" se carga cada tarea con su ambiente, unidad (m², metro lineal, unidad), cantidad, precio y la semana en que se piensa hacer. Se acuerda con el cliente.
A4: 2. Se fija el anticipo para materiales y la retención final (por defecto 20% y 10%; se pueden cambiar).
A5: 3. Cada viernes: en "Parte de viernes" se anota la fecha, el número de tarea y la cantidad realmente terminada esa semana. El monto se calcula solo.
A6: 4. Se le manda al cliente el parte (captura o PDF) con las fotos del avance. Cuando lo aprueba, se marca "Sí" en "Aprobado" y se cobra ese monto.
A7: 5. Al recibir el pago se marca "Sí" en "Pagado".
A8: 6. En "Resumen de avance" se ve en cualquier momento qué porcentaje de la obra está hecho, cuánto se cobró y cuánto falta.
A9: 7. Al terminar y con la entrega conforme del cliente, se cobra la retención final.
A10: Regla de oro: se paga lo que se hizo y se pudo medir, no lo que se estima.
